{"cameraMode":{"drawMode":0,"name":"Shaded","section":"Shading Mode"},"sceneLighting":false,"audioPlay":false,"sceneViewState":{"showFog":true,"showMaterialUpdate":false,"showSkybox":false,"showFlares":true,"showImageEffects":true,"showParticleSystems":true},"in2DMode":false,"pivot":{"x":-2.214937925338745,"y":4.368380546569824,"z":-1.9248061180114747},"rotation":{"x":-0.06625913828611374,"y":-0.008383849635720253,"z":0.0005570469074882567,"w":-0.9977717399597168},"size":6.476224899291992,"orthographic":false}